{
  "Total" : {
    "transaction" : "Total",
    "sampleCount" : 100,
    "errorCount" : 0,
    "errorPct" : 0.0,
    "meanResTime" : 208.23000000000002,
    "medianResTime" : 176.5,
    "minResTime" : 74.0,
    "maxResTime" : 800.0,
    "pct1ResTime" : 328.5000000000001,
    "pct2ResTime" : 532.349999999999,
    "pct3ResTime" : 799.9499999999999,
    "throughput" : 39.43217665615142,
    "receivedKBytesPerSec" : 18116.004534700314,
    "sentKBytesPerSec" : 4.736482156940063
  },
  "HTTP Request" : {
    "transaction" : "HTTP Request",
    "sampleCount" : 100,
    "errorCount" : 0,
    "errorPct" : 0.0,
    "meanResTime" : 208.23000000000002,
    "medianResTime" : 176.5,
    "minResTime" : 74.0,
    "maxResTime" : 800.0,
    "pct1ResTime" : 328.5000000000001,
    "pct2ResTime" : 532.349999999999,
    "pct3ResTime" : 799.9499999999999,
    "throughput" : 39.43217665615142,
    "receivedKBytesPerSec" : 18116.004534700314,
    "sentKBytesPerSec" : 4.736482156940063
  }
}