{
  "Total" : {
    "transaction" : "Total",
    "sampleCount" : 100,
    "errorCount" : 0,
    "errorPct" : 0.0,
    "meanResTime" : 253.20999999999987,
    "medianResTime" : 154.0,
    "minResTime" : 72.0,
    "maxResTime" : 1374.0,
    "pct1ResTime" : 593.3000000000014,
    "pct2ResTime" : 1107.9999999999989,
    "pct3ResTime" : 1373.96,
    "throughput" : 33.67003367003367,
    "receivedKBytesPerSec" : 15468.749999999998,
    "sentKBytesPerSec" : 4.044349747474747
  },
  "HTTP Request" : {
    "transaction" : "HTTP Request",
    "sampleCount" : 100,
    "errorCount" : 0,
    "errorPct" : 0.0,
    "meanResTime" : 253.20999999999987,
    "medianResTime" : 154.0,
    "minResTime" : 72.0,
    "maxResTime" : 1374.0,
    "pct1ResTime" : 593.3000000000014,
    "pct2ResTime" : 1107.9999999999989,
    "pct3ResTime" : 1373.96,
    "throughput" : 33.67003367003367,
    "receivedKBytesPerSec" : 15468.749999999998,
    "sentKBytesPerSec" : 4.044349747474747
  }
}